Unique column,Random_header,Data,Random_header_2,split_1,split_2,split_3,split_4
1235,a,Hai | Bye | Hola,u,Hai,Bye,Hola
1236,b,2345 | 8235,v,2345,8235
1237,c,Jack | Sparrow | 600 | bucks,w,Jack,Sparrow,600,bucks
1238,d,15/2/2000 | 23/5/2005,x,15/2/2000,23/5/2005
1239,e,9858.2356 | 72648.554 | 753156.156789,y,9858.2356,72648.554,753156.156789
1240,f,18/9/2011,z,18/9/2011
